{
  "input": "camera_capture.png",
  "method": "minAreaRect_fallback",
  "width_param": 1200,
  "expand_param": 10.0,
  "timestamp": "2025-11-17T03:04:49.594296Z",
  "corners": {
    "TL": [
      129.57395935058594,
      141.01834106445312
    ],
    "TR": [
      454.74072265625,
      23.24139404296875
    ],
    "BR": [
      572.0628662109375,
      347.15252685546875
    ],
    "BL": [
      246.89613342285156,
      464.92950439453125
    ]
  }
}